,party_id,income,Expenditures,sum_txn,mean_txn,Cluster
0,009154EFA27FD311AC8BDFBE50,182980.71000000005,-268125.10000000003,-85144.39,-87.5070811921891,Low
1,013FC6106EE0CF698A7375BEFF,220843.47999999998,-202585.31999999998,18258.16000000001,24.706576454668486,Low
2,0253E17F7C8FFC72C1D3CD7CBE,318206.76999999996,-338740.4799999999,-20533.709999999985,-32.541537242472245,Low
3,051789B8B1D221B6173146E0FC,830693.0000000001,-1203922.1500000001,-373229.15,-966.9148963730571,High
4,061307F9C51C1A0455B09464E9,527001.23,-357931.37,169069.85999999996,183.7715869565217,Low
5,06488BD7809A10774DC2C8B0B4,289760.8999999999,-311394.2999999998,-21633.399999999914,-24.47217194570126,Low
6,075C9B839B9270C493ECE9894D,211166.5699999997,-211476.1999999997,-309.6300000000065,-0.32524159663866226,Low
7,07C6767D38CA08706A8AA9DBD4,48032121.34000006,-40596412.48000007,7435708.859999995,6796.808829981714,Low
8,0835F6793567683B219249A7E8,18249.02,-17016.0,1233.0200000000002,1.4661355529131987,Low
9,08A5C367A3C8BAA7AB8DA48322,70442.33999999997,-53786.399999999965,16655.940000000006,19.100848623853217,Low
10,0A45D2422B666D01A50DBF7169,157347.1300000002,-156448.69000000018,898.4400000000235,1.549034482758661,Low
11,0AF62491F9364832511620D946,342362.6400000001,-414064.43000000017,-71701.79000000008,-73.69145940390553,Low
12,0B70A8B1FE02EBF3F15324E2ED,64651.57999999998,-48485.20999999998,16166.369999999999,29.23394213381555,Low
13,0B71FAC587F1124C18E72FA4F6,788575.1499999997,-782280.9299999995,6294.2200000002285,12.05789272030695,Low
14,0BB782EF166D3F3E734CB2BDFF,329977.2200000003,-480898.3600000001,-150921.13999999975,-160.2135244161356,Low
15,0CC2C0234B2123D0F1E4786CE2,799403.54,-1198708.24,-399304.7,-803.4299798792757,Low
16,0E288B2ADF517A4CC72E8AA443,682770.3500000004,-716955.6100000003,-34185.259999999886,-37.89940133037681,Low
17,0EBB65A52FB06CD15BFF0F65F8,173296.09999999992,-155707.5499999999,17588.55000000003,22.520550576184416,Low
18,0ECB36B365613A911252CD7709,887266.4500000001,-1606244.96,-718978.51,-1163.395647249191,Low
19,10940229B788184663EDD29E44,19162.1,-18413.82,748.2800000000003,1.0554019746121301,Low
20,1111B94DBDBF13DB851183933A,1268341.3299999996,-1906913.4099999995,-638572.0799999998,-1840.265360230547,High
21,1179F71296E09DF2A872BE1942,246706.09999999995,-258229.15999999997,-11523.06000000002,-66.60728323699433,High
22,121C65EE60B5AA4EE4281E454C,8265554.100000003,-8076120.170000004,189433.92999999988,192.31871065989836,Low
23,12283CC87F0F4A80EBFC097830,95692.85000000002,-80497.31000000001,15195.540000000003,23.743031250000005,Low
24,12D1C311E6E19477445B453A8C,6733.1900000000005,-6563.0,170.19000000000005,0.7806880733944956,High
25,12FF2981F8AB8C91734CB8292B,1054768.31,-974627.09,80141.22000000006,84.00547169811327,Low
26,13B88EEA1258E7F0279E3AAC45,36488.94000000002,-37091.830000000016,-602.8900000000023,-1.1867913385826816,Low
27,13FA8FAE24FE56121472A2DA88,24181.859999999946,-48712.00000000002,-24530.140000000076,-31.208829516539538,Low
28,142ECAEBEB14AB5F0AA840E607,3583316.659999999,-1484407.109999999,2098909.5500000003,8673.179958677687,High
29,14ADF976B4BE847C64BADDDEC9,625480.3400000001,-2279333.79,-1653853.4500000002,-11485.093402777778,High
30,150C37BB75D0E0FC927EEC502A,125483.59999999999,-100084.12999999999,25399.47,42.68818487394958,Low
31,1538C3CF992F68FCE09C0B4DAA,145486.62,-166374.97,-20888.349999999995,-31.98828483920367,Low
32,175478F1B3D154F1A94FBA10D8,329536.13,-329687.1,-150.97000000000116,-0.13812442817932402,Low
33,182CCE4F03CFA4555FA4015E53,106755.0,-86491.36,20263.64,53.74970822281167,High
34,186A0D50C360E781C4A0618D36,639481.51,-638237.0,1244.5099999999993,1.26861365953109,Low
35,1901261B868A134FB601B87500,21209.21,-20655.5,553.7100000000002,0.5865572033898306,Low
36,19475BF3D04E6D41A3B52D4300,0.06,0.0,0.06,0.03,High
37,19C64B12B5AB2D3AC451AB2801,3656.9999999999973,-5543.340000000006,-1886.3400000000079,-1.7226849315068564,Low
38,1A2AC7862E40069CFAD7CB13C6,5278680.85,-5289289.75,-10608.900000000373,-10.91450617283989,Low
39,1A5F2A8244B76E757FEF687CD8,1810653.0800000008,-1708065.230000001,102587.8499999999,111.62986942328608,Low
40,1B7E7BC9E61039E547DF8A3067,209257.94000000003,-256453.66999999998,-47195.72999999997,-43.14052102376596,Low
41,1BE641ECDECF91A6152B884B60,856860.0499999999,-824546.68,32313.369999999904,29.536901279707408,Low
42,1C03158E78016364D4BEDB3B49,228071.25999999992,-268712.0099999999,-40640.74999999998,-44.758535242290726,Low
43,1C2E8CB3A74B03926ACE5ADF84,489227.74,-480910.11,8317.630000000003,14.800053380782924,Low
44,1C6A6C1499B296D3A0CDBBEF85,110412.12999999999,-103862.18999999999,6549.9400000000005,19.20803519061584,High
45,1D8A72B822C6D673CA21FEF0E2,1129197.219999999,-1596620.9599999997,-467423.74000000075,-427.2611882998179,Low
46,1D9E48A2434AC625A141D79EA6,482091.0599999996,-443111.87999999954,38979.180000000044,35.62996343692874,Low
47,1DD74F7CB7C5B69B2841E21949,42173.41999999998,-89640.99999999997,-47467.57999999999,-65.47252413793102,Low
48,1E00A2B3AA71383ADDBF57CBB0,1084177.5399999998,-1090366.7499999998,-6189.209999999926,-6.764163934426149,Low
49,1E16E23DCAB98CF7A63F9C4791,47424.94,-45515.0,1909.9399999999996,2.499921465968586,Low
50,1E2BE1B1054F9F52D7E46CDD19,440695.70000000007,-1198981.9199999995,-758286.2199999994,-693.1318281535644,Low
51,1EEFE3E66B72210C83653C527D,133118.20000000022,-56108.35000000005,77009.85000000017,91.67839285714305,Low
52,1F181CD4F7AF602DA0C0C6E391,198503.43000000037,-161506.93000000052,36996.49999999985,38.02312435765658,Low
53,1FAEC9EAFCB1091E93AB5CD6D9,438516.8799999963,-861335.2799999978,-422818.40000000154,-726.492096219934,Low
54,2147BE9FE8BB4FDC28F2D9962C,677745.5199999994,-638436.3500000001,39309.16999999937,42.96084153005396,Low
55,2238509D532C357761EFAE0D2E,31673.13000000001,-31633.650000000005,39.48000000000145,0.04032686414709035,Low
56,2322146B63EADF56422717CA14,152502.52000000002,-164480.00000000003,-11977.480000000003,-15.616010430247723,Low
57,232BD1A505A4B4C0863680BBCF,359646.3999999999,-332446.26999999984,27200.130000000067,54.7286317907446,Low
58,23A74263700B917FFD542B9604,1176888.780000001,-1644077.349999999,-467188.56999999797,-471.43145307769726,Low
59,249856DD5BAA28F6A8AC5EED87,2356880.569999998,-2351074.909999998,5805.660000000232,7.963868312757519,Low
60,24D6CBAEC635A1832395CAE1B3,36556.019999999975,-47505.95999999997,-10949.939999999995,-14.147209302325574,Low
61,26260064D77DEF3BE2A4E6F0D9,1461636.8000000003,-1548503.8700000003,-86867.06999999996,-80.80657674418602,Low
62,26570CCE1B904CD31F42295258,27935.83,-26454.11,1481.7199999999998,1.3531689497716892,Low
63,27D829F7CFAA2DC0EFA90296AF,116240.94,-83727.42,32513.520000000004,57.04126315789475,Low
64,27FBEA4CC2D07D1911546663F6,255069.39000000004,-275546.74000000005,-20477.350000000024,-31.07336874051597,Low
65,28F08B68A9A08D3FAB0DEBEC33,24437.02,-24752.999999999996,-315.97999999999723,-0.49065217391303917,Low
66,2BCC45ACF48EFA3EA06B860F4F,14511.99,-13988.19,523.7999999999996,0.6802597402597398,Low
67,2C395128219FFB3A66AA58D59A,86188.75999999991,-51543.9999999999,34644.76000000001,33.15288038277513,Low
68,2C711AABD190AF2C4CE2B15705,348480.20999999996,-282814.35,65665.86,103.24820754716981,Low
69,2CB07DA257022DE29388762BAB,1957594.08,-1948737.81,8856.269999999928,11.486731517509634,Low
70,2D6E9A80EEAFE642E74E56DF81,4454503.600000001,-4436771.740000001,17731.859999999826,24.76516759776512,Low
71,2D90B773309A610B49F313B415,2104012.789999999,-2095484.1499999994,8528.6399999996,18.540521739129563,Low
72,2DC2ACC55018AB0076770F8D51,83138.68999999997,-74914.00999999998,8224.679999999995,8.375437881873722,Low
73,2F1F23AD33AB0998D24F00BA68,26009.030000000002,-25985.300000000003,23.730000000000018,0.02092592592592594,Low
74,2F654E88781D94203B1455B2E9,1923401.3,-2314630.42,-391229.11999999976,-402.4990946502055,Low
75,31515CB25899DE35E4A060668C,125122.97999999975,-88389.09999999954,36733.88000000021,33.546922374429414,Low
76,31A514A25439423C03F3DF14FD,40450.30000000001,-36323.87000000002,4126.429999999993,6.113229629629619,Low
77,31AE2FB311C8ED5908596A88FD,559310.08,-711555.8999999999,-152245.82,-158.7547653806048,Low
78,31B69BF0EE83D49612A9425545,35462.759999999995,-34269.62999999999,1193.1300000000017,8.0616891891892,High
79,3240E277E1729CDBF7CFD53B66,168597.59,-114592.20999999999,54005.380000000005,49.31998173515982,Low
80,32A50C796ABD9DD52A6058A3C6,271838.00999999995,-275229.5899999997,-3391.5799999997407,-3.858452787257953,Low
81,32C8A53E7FF40C22CBBACFFD76,4714305.83,-4609877.61,104428.21999999955,105.69657894736797,Low
82,331BCA42C0629BDB51C04B6108,5087965.699999996,-3653700.679999995,1434265.0200000016,2156.7895037594008,Low
83,347D1D9ECFD3B90B52C7F04180,680956.9900000005,-681495.8900000002,-538.8999999998209,-0.9998144712427104,Low
84,357D9B73FDE8BB7B1E1BCD655F,25971.630000000005,-10564.730000000018,15406.899999999987,32.23200836820081,Low
85,369A17AC603A9A876A7CB419FB,2960817.9999999995,-2960818.0000000005,-7.47604644857347e-10,-8.544053084083966e-13,Low
86,3806B35DB02FCDC878CD88E90C,5102534.42,-156677.15000000037,4945857.27,25759.673281249998,High
87,38AA091D9054B03617EE869875,198146.35,-344592.48,-146446.12999999998,-909.6032919254657,High
88,39D4939FE57577C69B91E87B2A,586714.4500000001,-554560.4500000002,32153.999999999884,40.04234122042327,Low
89,39EC077E5E69F649B602C21CE4,7128511.169999999,-5281101.450000001,1847409.7199999983,2054.9607563959935,Low
90,39F0660E4A51244D3F4A44E6E5,764649.01,-761618.71,3030.2999999999993,5.440394973070017,Low
91,3B17E36EAB4E73F354C4B7E1E0,98847.88999999998,-109177.15999999999,-10329.269999999999,-24.190327868852457,High
92,3BC46236CF4284480E394406C5,176592.96999999977,-175531.46999999977,1061.4999999999945,1.1994350282485815,Low
93,3C2D7D2389621B40BE0866C4F1,13203.3,-13063.349999999999,139.95000000000002,0.18390275952693827,Low
94,3C6EBE2EF43E01466F13ED8E50,22072.61,-22286.0,-213.38999999999965,-0.31427098674521303,Low
95,3CD11D0B06345697166B8D5165,5086591.510000001,-5243482.1000000015,-156890.59000000055,-155.79999006951394,Low
96,3F16C9F35B2856713CB1C15055,1358424.5400000005,-465830.0400000005,892594.5,893.4879879879879,Low
97,3FAED3A3C678CC92883A590E46,113535.70999999999,-110401.73,3133.979999999999,3.6105760368663584,Low
98,3FD5FC85B9F495A9D6206CAB52,1304244.5199999998,-1304244.5599999998,-0.03999999996449333,-5.312084988644532e-05,Low
99,4071E3D23D2D965A9F5C566F57,9442.050000000001,-9342.410000000002,99.6400000000001,0.18182481751824836,Low
100,4085DD7492C4BFFD53BF7827CE,291624.28,-291585.64,38.64000000000647,0.05285909712723183,Low
101,412D6F00E1F871405632862D49,97446677.88000005,-97367048.0600003,79629.81999975443,78.37580708637248,Low
102,413EA2BA7B8AF6352DF09CDD08,337990.94,-357216.65,-19225.709999999992,-23.275677966101686,Low
103,414059F44A1D5C04588E7BA4C5,49051.06000000022,-38875.98000000026,10175.079999999964,11.43267415730333,Low
104,4177C2D17DD5F1229EEDD9698D,72456.37999999996,-77329.81999999993,-4873.439999999976,-11.857518248175124,High
105,417B053CDE06651386175522FD,472363.8799999996,-412648.1099999996,59715.770000000004,65.54969264544457,Low
106,42498B7B15477AF37DC5805A8A,2464790.440000002,-2376283.8100000024,88506.62999999934,95.78639610389538,Low
107,42CE8BA0D020DDF14EF658AAFB,21216.320000000003,-22879.380000000005,-1663.0600000000004,-5.470592105263159,High
108,43E39CDC04840431B013C34AA1,4702715.469999995,-4637807.949999995,64907.52000000063,86.65890520694343,Low
109,4421361FDA419876283AC04CD3,64499.9800000001,-54536.840000000106,9963.13999999999,10.817741585233431,Low
110,44419EEE622FFDCACB47243F2D,8143446.629999999,-11916308.009999998,-3772861.38,-3728.1238932806323,Low
111,44712069B47F98531B1DC0A554,511705.00000000064,-554241.8100000006,-42536.810000000034,-44.91743400211197,Low
112,44FEF9AAA1F46813881055E13A,596882.3000000002,-577999.9999999999,18882.300000000316,17.597670083877276,Low
113,460BAC41C369E0FED891481A81,4062341.510000003,-4376923.140000002,-314581.6299999995,-316.7992245720035,Low
114,461362688C32D790B4C3029E8D,578277.6699999999,-777924.1699999999,-199646.49999999997,-200.85160965794765,Low
115,4649F84DC25EB1DD0F96C0F73F,25476366.01,-24809104.490000036,667261.5199999667,692.1799999999655,Low
116,46CE932D033D901C7641CA3D76,6130.09,-4686.27,1443.8199999999995,22.559687499999992,High
117,478F699D6FF541EAB9E6CAD084,1460934.62,-1440910.82,20023.800000000014,23.809512485136757,Low
118,47F72DEF840BA319345E93B37E,1809670.6700000002,-1842981.4399999992,-33310.76999999913,-62.61422932330664,Low
119,48383DF21335F85073B7476766,5128255.4799999995,-3411320.129999999,1716935.3500000006,3049.618738898758,Low
120,4B7C8F025E4B91411376BA8D7B,5606063.470000001,-5659134.120000001,-53070.65000000053,-108.08686354378928,Low
121,4BEFB571C208308DCC9B76FCF8,24515.530000000002,-23446.300000000003,1069.23,1.2851322115384616,Low
122,4BF3DBA9178D9601A6FA37EBBF,10078.349999999995,-9969.369999999995,108.98000000000023,0.3353230769230776,High
123,4CDA36C4C9395505C64E3C0748,8364.279999999999,-8882.98,-518.7000000000003,-0.9180530973451332,Low
124,4D17D94F67A2D46B607710CDC8,48881.630000000005,-47172.19,1709.4400000000003,3.3128682170542643,Low
125,4DDF47E13AE5D79FA0FAD88B5F,104256.84,-99006.37,5250.470000000001,7.124111261872457,Low
126,4EC59DA675147D6C024BF1A8F4,16540194.589999998,-16504993.459999997,35201.13000000022,56.412067307692666,Low
127,4F854E6D642B703E48C7C8DA5B,34686.06,-34043.7,642.3599999999997,0.6877516059957169,Low
128,50DCC0A07E62C1F8A017EC7638,521301.20999999996,-517084.63999999996,4216.570000000032,4.984125295508313,Low
129,5179C8CE85205F10555B7C34E6,132009.64,-123679.79000000001,8329.850000000002,12.488530734632686,Low
130,5398898FB1134F1399FCC07757,129100.10000000003,-134028.84000000005,-4928.740000000006,-5.171815320041979,Low
131,54782B5EFCB4ABC71B654B7589,1752015.04,-1750993.4,1021.640000000014,0.88377162629759,Low
132,5478D951EC00C5642D3F7FA67C,125717.52999999994,-75380.19000000002,50337.339999999924,222.73159292035365,High
133,547B86E3D621580718806896CE,24716063.810000002,-24665463.160000004,50600.64999999758,46.084380692165375,Low
134,54D24CA06304D0647D1DC429C4,1354271.5299999993,-1201342.6199999992,152928.91000000024,144.54528355387546,Low
135,54FC97B35C9161AE7BC6F8EC66,659443.8299999995,-2501072.34,-1841628.5100000005,-1683.389862888483,Low
136,55ADA6B1EADB11A01B146ECAC2,3353932.2000000016,-3151281.2500000014,202650.95000000024,633.2842187500007,High
137,5619C1169E3ABFF4082AC600A8,17869077.560000002,-17827381.810000002,41695.75000000093,44.45175906183468,Low
138,5638034300FE2F13E4241DFF85,106468.18,-87163.0,19305.18,23.981590062111803,Low
139,56BBAD4EED57EADA5419FA44C3,71833.95,-76386.45999999999,-4552.510000000001,-14.780876623376628,High
140,56F043242E91E280C995027B18,41574.979999999996,-23838.939999999995,17736.04,100.77295454545455,High
141,5765DBD942B7FB84C22027B10F,11444.149999999985,-16062.799999999997,-4618.650000000012,-21.089726027397315,High
142,578C33CEAEAF77CB4742CC9F62,3623.0,-4798.7699999999995,-1175.7699999999998,-9.25803149606299,High
143,57A7CD7237D0C01C15C8B38F68,728541.6999999991,-1020307.9099999989,-291766.20999999973,-266.69671846435074,Low
144,5832E7D87BF96C30DAD4820301,452613.52,-1461299.2299999995,-1008685.7099999994,-3274.953603896102,High
145,5850159852FA973CAE866F93E3,61304.04,-56871.979999999996,4432.060000000006,5.165571095571102,Low
146,593D31B6488D64A1660B76AC18,44787.869999999995,-24869.96999999999,19917.900000000005,27.548962655601667,Low
147,59EC8DCBDC7E81D7810FB898D0,2047645.3300000003,-2044628.6500000001,3016.6800000000744,3.261275675675756,Low
148,5A086C31D184994DC4D967D04C,38407264.74999998,-38407264.749999985,-5.007677827961743e-09,-4.824352435415937e-12,Low
149,5A13B2160F22846A05DD26184F,291973.42,-291973.39999999997,0.020000000004074536,3.3167495860820126e-05,Low
150,5A22F63A5BC4E48E6DAA09F52E,8853633.41,-8851061.879999999,2571.5300000007264,8.163587301589608,High
151,5A76D7CFA5C2F8A0055A1FA7A6,5462588.83000001,-5435194.620000011,27394.209999999264,52.68117307692166,Low
152,5A928AEAF188E6BD3BC64CFA7A,639233.9700000006,-66098.81000000006,573135.1600000005,541.2041170915963,Low
153,5C708A9824289CA6FFA0C50D30,130509.37,-133503.62,-2994.249999999986,-2.9070388349514427,Low
154,5E0CE05A48FEC0BABE2A8A9FA1,893996.9600000001,-736345.4400000002,157651.51999999996,200.82996178343944,Low
155,5FC6381B7D67D2AC8EA680EF37,97631.27000000002,-205000.5,-107369.22999999997,-454.9543644067795,High
156,60E008F66E09BCCC809701CB40,23055.670000000006,-14779.270000000008,8276.399999999998,16.45407554671968,Low
157,623E3969D01C996494DADCFC16,34294711.05999997,-34209390.299999975,85320.7599999995,85.40616616616566,Low
158,63B98ABBC86BD644C99A39D499,347015.5400000002,-978916.5000000002,-631900.96,-577.6059963436928,Low
159,64B36047B5E760B73018D9E1F6,136251.97999999998,-280530.56000000006,-144278.58000000005,-227.56873817034707,Low
160,6678977D2D2FA44392785792E3,8238.050000000001,-6519.240000000001,1718.8100000000002,4.025316159250586,High
161,668388B9D2E88CA84544008E7C,1862014.27,-1861632.6299999997,381.6400000003632,0.33013840830481245,Low
162,66A7CC8CB804EC465DC7107E2E,985061.37,-328655.8699999999,656405.5000000001,1965.285928143713,High
163,6721A32A1F10631CCC742E5439,3187639.3300000005,-3729391.4800000004,-541752.1499999998,-553.9388036809814,Low
164,6803CE08A564A57160F4F7210D,13293.659999999994,-17342.96,-4049.3000000000043,-7.218003565062396,Low
165,680C7406B9AB8B4CFE2406BE9D,252490.36000000002,-257312.12000000005,-4821.760000000046,-6.344421052631639,Low
166,68C69AAAF77B1093D89B21CD14,5524211.050000002,-5516344.650000017,7866.399999984475,13.265430016837225,Low
167,691843523FDC02D1B3AD39BD17,265910.0,-258712.0,7198.0,7.806941431670282,Low
168,6B193C9582B2E10C5A081E539C,4497335.440000005,-4460584.920000005,36750.52000000066,35.439267116683375,Low
169,6CD87BE5481CC61B048076F49A,103517.97,-106539.77,-3021.800000000002,-2.762157221206583,Low
170,6E193CE5A65642848628DA45BC,3106.0199999999977,-6624.120000000001,-3518.100000000003,-6.2157243816254475,Low
171,6F66D7AC60440D2D80D0C7EA42,40830.75999999999,-3938.070000000007,36892.68999999998,44.50264173703255,Low
172,702A22914AC893A55BF7CBB90D,43433.67999999998,-43749.27999999998,-315.60000000000036,-0.3408207343412531,Low
173,70C0D169AA6649A71EEFE1D59C,360469.95999999996,-360381.1,88.86000000000058,0.09473347547974476,Low
174,70EC959F225C01DAB68EABB3B9,1998985.6499999992,-1114642.2599999988,884343.3900000005,824.9471921641796,Low
175,7217A2A5FFE3D06550C4F01C6B,442055.97000000003,-467313.53,-25257.55999999997,-26.503210912906578,Low
176,7262099A68440B0AB3A845D97C,1765268.2599999988,-1982093.4499999986,-216825.18999999977,-222.38481025641002,Low
177,726E82917E7D1C23BBF01F4400,15668.77,-15265.650000000001,403.1199999999997,0.5507103825136608,Low
178,728D1E819242885C5CC00341EF,12355.700000000019,-207415.30999999997,-195059.60999999996,-670.3079381443298,High
179,73638C472A4DA20EDDD2F294D4,56992.6,-224942.11000000002,-167949.51,-5598.317,High
180,74C57162CA4F12CF340FC7EA3A,2212931.8800000004,-2212695.0600000005,236.82000000000698,0.44683018867925844,Low
181,7686A14FB89BFE598D4B7E4C7D,4317.36,-4083.0,234.3599999999999,16.73999999999999,High
182,76ACAEE03451368485F937273B,5513.700000000002,-4959.700000000002,554.0000000000001,5.276190476190477,High
183,7728B433E1560D853AD2A5B9B2,977665.23,-1861731.62,-884066.39,-1719.9735214007783,Low
184,7824BE8369CB4C9856F61A48C8,1017716.5900000003,-2015800.9200000002,-998084.3299999998,-1949.3834570312497,Low
185,78E9F44675638B2C983EC2A335,48740.55,-32400.970000000012,16339.57999999999,25.77220820189273,Low
186,79CF4DC3766FBA1F4B3096C4CF,58476.7,-57197.11,1279.5900000000001,1.5001055099648302,Low
187,7A09E883A2F5C353B9EF8A4E6E,223657.53000000003,-178392.49999999994,45265.03000000008,60.35337333333344,Low
188,7A131E244828590FDFE7874A0B,1088329.52,-515601.4700000001,572728.0499999999,2202.800192307692,High
189,7A9504968047B92A92208B5196,612790.1700000004,-800252.5000000009,-187462.33000000057,-269.7299712230224,Low
190,7BB0C5F54C67AE32684EEA661E,53259.51999999997,-935.7999999999956,52323.71999999997,64.67703337453644,Low
191,7BEC4E0E723B4F4B105FA167AD,3097167.7600000026,-2570915.870000001,526251.8900000014,912.0483362218396,Low
192,7CB6F8EDC219879BDC1255CA01,4527300.9799999995,-4159326.4599999995,367974.5200000002,527.9404878048783,Low
193,7D3FB8FAA51D9B8F9233FBFFA7,10118.46,-260184.84000000003,-250066.38000000003,-4387.129473684211,High
194,7D7A620509BF8EC6EC7BB0227C,76459.25999999998,-65392.449999999946,11066.810000000034,33.03525373134339,High
195,7DEC36FF6F896ECFBFD1F0A23A,641493.6200000002,-640773.2800000003,720.3399999999704,1.6079017857142195,Low
196,7E3437BA32A83B2EA83E3D5A1A,149642.59999999998,-145728.22999999998,3914.3700000000003,7.7666071428571435,Low
197,7E35B3FEE52EF004B562C2C520,1175633.8499999999,-761988.0299999998,413645.82,931.6347297297298,Low
198,7E4A63A33199642A1051901EBB,543905.4200000004,-360714.5500000006,183190.86999999976,337.9905350553501,Low
199,7EC53EC381E69B25F4935311E1,45324.98000000001,-45304.85000000001,20.130000000000337,0.028512747875354585,Low
200,7EFDE66EA8372280D4EDDB7AAE,1272647.2399999995,-1243978.0399999996,28669.200000000037,27.434641148325394,Low
201,7F15A762D3B30A5A5DB9275477,1905258.1599999997,-1983263.0199999996,-78004.85999999986,-76.92786982248506,Low
202,8016DE895F0CBD02D612B4D479,32474.580000000016,-30394.100000000017,2080.48,2.2762363238512036,Low
203,8059CE0A70BC72F74A0FD188B3,525899.72,-446282.17999999993,79617.54000000004,137.74660899653986,Low
204,81122116FB01E01921DE2F1C59,161071.64000000132,-82882.3200000015,78189.31999999982,71.47104204753182,Low
205,81171B8A78BEA51198646EA305,21891.89,-21732.6,159.28999999999974,0.1377941176470586,Low
206,81F90AA8260BD5360B31D25BB4,3642014.6599999983,-3690927.120000003,-48912.46000000474,-76.9063836478062,Low
207,8255756EE4EAD88A940DDF4177,2623355.1099999994,-2131653.129999999,491701.9800000004,529.8512715517246,Low
208,82832E3B08F870D17790B1DF20,48916.1,-31059.880000000005,17856.219999999994,24.29417687074829,Low
209,8333D854030687EFA7126BEED4,40295.509999999995,-49670.97,-9375.46000000001,-63.77863945578238,High
210,83380EDEA3D95BAD30834C9868,361763541.0,-384805614.28,-23042073.279999975,-42434.757421731076,Low
211,83470DF282AAB8513C0F8F5C83,38697.44000000002,-37495.72,1201.7200000000125,2.0368135593220553,Low
212,83AFF7853AE2B39674BA4372F7,1815494.1,-1914043.760000001,-98549.66000000092,-103.62740273396521,Low
213,83D2E441E320B8E4A2654AA30E,1185311.97,-1183571.25,1740.7199999999893,1.6468495742667828,Low
214,842CED91C37AC790983EF4A418,6533600.730000002,-3254722.7000000025,3278878.03,5171.731908517349,Low
215,8489979AB0C35F3982FC3787D7,120529.73,-130662.0,-10132.27,-21.15296450939457,Low
216,84C868089985267DE4A561C043,4385733.599999998,-3406189.8299999973,979543.7700000005,2959.3467371601223,High
217,86CC038131B38386C24366019F,49121206.46,-49573678.96,-452472.5000000018,-486.5295698924751,Low
218,86FD7D7693BCE56EB7A17F6D35,210871.06,-778134.9100000001,-567263.8500000001,-948.601755852843,Low
219,87741A693DD0CCE195B48E335E,468497.69,-392819.33,75678.35999999999,82.34859630032642,Low
220,8844C61D34A5EBBD7D394C47CE,7686394169.190001,-7689218900.900001,-2824731.7100001,-3228.264811428686,Low
221,88E477239269C100F1F9EA0B98,28703.590000000004,-31172.91,-2469.319999999996,-6.283256997455461,High
222,89B7BD2F0C0F03FCE6BB2A641A,196413.1,-197516.0,-1102.9000000000015,-0.992709270927094,Low
223,8A47F75032D602801D3B357782,3713707.2800000017,-3736882.720000003,-23175.440000001345,-23.721023541454805,Low
224,8ADC92452B4AFC7B3BF56D2E29,13390.91,-18351.32,-4960.41,-14.012457627118645,High
225,8B0F47BA3DB70D4DBBB505A03C,37688.67,-39802.0,-2113.33,-5.179730392156863,High
226,8B1A415E2D857802EE61015521,1446584.57,-728677.94,717906.6300000001,2195.433119266055,High
227,8CD0DD2D14A5F9AD06ACCA66C2,128744.81,-129810.62,-1065.8099999999977,-3.416057692307685,High
228,8D25E89CF8E75C44E8446DB10B,17790322.819999993,-20048367.03999999,-2258044.219999999,-2294.7603861788607,Low
229,8DC14B434AB4EC43444D2128FC,105126.22000000007,-100078.19000000008,5048.030000000002,16.02549206349207,High
230,8DCFEFA07EB5BF562AEDD004CC,188393.03,-197838.1,-9445.070000000007,-10.36780461031834,Low
231,8EA3685EA36ECF5CE1E6DF4FE5,77776.43,-88617.99999999999,-10841.569999999998,-9.378520761245673,Low
232,8F5097B391938DCE7E68A5C4ED,56501.12,-55520.450000000004,980.6700000000012,1.3851271186440695,Low
233,903C89179DA8843DA81F33E626,20370411.71,-20370411.710000005,-3.513605406624265e-09,-3.253338339466912e-12,Low
234,9095A53ED956E70BC1A10A49A6,170033.01,-170686.11000000002,-653.1000000000004,-0.6297974927675992,Low
235,91BA3019D565A693B2B0B8D8CA,16632.689999999995,-9749.789999999994,6882.900000000002,11.64619289340102,Low
236,91FBB5DD723B2149CA92135D77,426880.37,-326785.35000000405,100095.01999999593,99.79563310069385,Low
237,9271AEB76FEA99EDB6594AAD11,27098.25,-26989.2,109.0500000000003,0.2243827160493833,Low
238,93A204F760D9618DCEF9F179AD,787914.2899999998,-1183886.37,-395972.0800000003,-4124.70916666667,High
239,945387044F9A873255424998A9,2264.6000000000004,-1346.2800000000004,918.3199999999999,9.769361702127659,High
240,94C46E5A6386CD9D22C0CC39E7,7163.600000000001,-5913.490000000002,1250.11,2.5512448979591835,Low
241,96EAC6417BC79B91E4C8214D75,67762.76999999999,-200168.1,-132405.33000000002,-1324.0533000000003,High
242,975764934C946F481719A49DF0,1165048.2400000005,-1208775.3100000003,-43727.06999999993,-43.9910160965794,Low
243,97BE931640561012DEA38F8A46,456831.92000000004,-499616.68000000005,-42784.760000000024,-47.857673378076086,Low
244,996A776EDA483DFCC3D571F965,397208000.92999995,-396776545.6399999,431455.2900000074,464.42980624328027,Low
245,99975F9EE3C37E017D120350EC,48197.25,-38422.159999999996,9775.090000000002,23.000211764705888,High
246,9A04808AFD3E366F219F1160E5,23395.559999999987,-24572.139999999985,-1176.5799999999997,-1.5583841059602646,Low
247,9A742F6C01710DE6492986858C,66275.8,-53242.3,13033.499999999998,178.54109589041093,High
248,9BA16AD724C765BCA889C1DAC5,1948.0,-4200.2,-2252.2,-51.18636363636363,High
249,9CB273847E48B9DC4E405C409C,24140.120000000003,-23472.690000000002,667.4300000000001,1.150741379310345,Low
250,9D0B5DD8BC6EA6C5A8719CD3A3,18751487.31,-18749867.31,1619.9999999992708,1.7234042553183733,Low
251,9DDAD43765C2F0D52D334A0834,304610.6199999998,-390653.6599999998,-86043.03999999998,-78.64994515539303,Low
252,A0727B6ADD98A1374EE8A84204,4993021.129999996,-6023407.759999996,-1030386.6299999995,-1008.2060958904106,Low
253,A0DBCBA0AC595504FDA27945DB,65533864.74999999,-65583403.309999995,-49538.560000005586,-51.070680412376895,Low
254,A0DCFA632D9E8B0A8493027786,873769.11,-881107.12,-7338.010000000062,-13.103589285714397,Low
255,A1088996C5348DF0221AF78D1D,453374.61000000004,-607313.37,-153938.75999999995,-162.72596194503166,Low
256,A1C029E72633778D3E0C985716,16210.230000000001,-16263.130000000001,-52.89999999999992,-0.08239875389408087,Low
257,A1DDB6D431AA13C72CB7E704A7,61903.7,-49675.63999999999,12228.060000000003,54.10646017699116,High
258,A20088AEC22E5EF76464FF527C,61623.380000000005,-61530.48,92.89999999999873,0.12436412315930218,Low
259,A2CC50EDA6ADD487DF76D59FC4,60547.84,-46522.83999999999,14025.000000000005,17.041312272174977,Low
260,A33B520297567DD711971EAFC2,31408.34,-29105.43,2302.9100000000008,2.4421102863202555,Low
261,A47588C1C048FF0BBAB6C87477,2961683.04,-2979164.500000001,-17481.46000000066,-19.337898230089227,Low
262,A4758CBC8E39CCE5536E63FE60,2863.5899999999997,-2807.829999999998,55.76000000000144,0.08474164133738821,Low
263,A4A2E3704A8DA57B6A4BE853B3,2611261.4200000004,-3441700.9600000004,-830439.5400000002,-1417.132320819113,Low
264,A4EEBB4B38ACFCB976C85D617F,3844.84,-3595.1400000000003,249.69999999999993,0.8792253521126758,High
265,A52A502CF64DEB0350B92A7884,18361.879999999997,-9038.169999999993,9323.710000000005,82.5107079646018,High
266,A53EA9091EDDFC1C0C622895B5,9304.21,-3518488.6300000176,-3509184.4200000176,-12714.43630434789,High
267,A5FD2F28C67341B9A53C0ED74E,313008.20999999996,-13374.319999999949,299633.89,1945.6746103896105,High
268,A78F0B99D95B1B8DB6C7E8166C,8780098.150000002,-8760095.180000003,20002.969999999135,18.452924354242743,Low
269,A80B6E691DBA3D4CC77C0674DC,15355120.870000007,-15401339.970000006,-46219.09999999945,-47.74700413223084,Low
270,A935EA6AA5E2AF1896786FA177,60617.95,-57838.68,2779.2699999999986,3.418536285362852,Low
271,A97AEA5E3E591C99A63B474F3E,465187.58999999997,-455461.0,9726.589999999997,9.687838645418323,Low
272,A99EAC1009A11718DE6EAA9637,813175.9299999997,-954216.7899999996,-141040.8599999999,-139.64441584158405,Low
273,AAD2D31A7420CFA2D06636DCDF,727291.7999999997,-700963.3699999995,26328.430000000113,27.396909469302926,Low
274,AB3CE3B8B0A8612B35A474F4CC,2860000.0,-3496095.4299999983,-636095.4299999984,-1388.8546506550183,Low
275,ABF5856CBFD3711AC19C104A85,28020897.600000016,-28852298.280000016,-831400.6799999996,-838.9512411705344,Low
276,ACE0B9E988F63C4314621E0B2F,2173.85,-1548.23,625.62,62.562,High
277,AE204EC57E2327F87D993CAB9F,831353.67,-420405.56,410948.11000000004,1580.569653846154,High
278,B0481B9B0EFB9733D1FDACEE10,46110.68,-66266.98,-20156.3,-43.72299349240781,Low
279,B0BF78C813EC995C7B4590B9A9,2530790.479999999,-3369471.5499999984,-838681.0699999995,-874.5370907194989,Low
280,B0E22AAAD8AA803F8E8C0DF28F,4829.11,-5373.86,-544.7500000000001,-4.190384615384616,High
281,B143EC5A95857FD68602DA27FB,4708778.719999999,-3097346.6900000023,1611432.0299999968,1624.4274495967709,Low
282,B15D24793522E8C454DB452324,54800.67,-52782.56,2018.1100000000006,3.723450184501846,Low
283,B2572518275F49079A0D572FFD,2522543.5100000016,-3048231.89,-525688.3799999985,-494.0680263157881,Low
284,B3B707BDAF91E9A5F2BA684B30,13473.910000000002,-10542.95,2930.9600000000005,5.001638225255974,Low
285,B3FB1542EA28454B8B9056D0E1,61017.330000000016,-61470.75000000002,-453.4200000000047,-0.7129245283018941,Low
286,B46F3C77D945CDFE779E0DF5AB,18460.029999999995,-18767.779999999995,-307.7499999999984,-0.40334207077326134,Low
287,B477FF71E3AEC9E6F50B6BAB70,141067.76,-139600.0,1467.7599999999966,1.607623220153337,Low
288,B4EF5094C26A4F7825580C72D5,13968.85,-13066.07,902.7800000000002,1.205313751668892,Low
289,B66DD8A4335B9E5AD4963264BB,229963.30000000002,-230317.53,-354.22999999999047,-0.34865157480314024,Low
290,B7344332E12EFE3932E7E7510A,61488.87,-58675.920000000006,2812.95,5.3887931034482754,Low
291,B7C6C3479C7662B01DF9D66994,511318.72000000015,-1200000.0,-688681.2799999998,-771.1996416573346,Low
292,B816581D06B60F1E21A674ED4F,38431.6,-32282.539999999997,6149.060000000001,27.698468468468473,High
293,B8E5F485540F381C329CBED81E,66403554.269999996,-66404492.9,-938.6300000019273,-0.9964225053099016,Low
294,B948B2A13DE1A83371E6C22D6B,995781.2800000012,-993452.2000000012,2329.0799999999817,3.3130583214793483,Low
295,B9EE30088BC8FB3863A847A7D6,53600.310000000005,-60551.89,-6951.579999999998,-13.738300395256914,Low
296,B9F94E2E0E70208FE1F26A09A1,111262.84000000001,-210642.87,-99380.02999999997,-314.4937658227847,High
297,BA16DBBE576947ED2EAFF1772A,185910.66999999998,-185616.44999999998,294.21999999999935,0.25562119895742774,Low
298,BA413C5418A475577D8F6F4BC6,93394.16000000002,-91199.02000000002,2195.139999999998,2.2913778705636725,Low
299,BAFA030ADED72F1179FDE46209,209051.93,-216023.0,-6971.069999999996,-7.384608050847453,Low
300,BB94A10E483A159ED206867E82,96981.48999999998,-70933.35999999999,26048.12999999999,35.584877049180314,Low
301,BBC4F776F74C87980F4F8E1282,435455.53,-294142.3400000001,141313.18999999997,1039.0675735294117,High
302,BC0607DA3CE9F439D3862D9EE4,142178.36999999997,-152260.64999999997,-10082.279999999999,-9.982455445544554,Low
303,BD44C354A0DB917D193467525C,2639543.64,-2460198.3099999996,179345.33000000057,192.22436227224068,Low
304,BDDF0EFEF071DC22219B95A4D7,532341.8300000007,-540521.4200000006,-8179.589999999914,-8.710958466453583,Low
305,BE0F53A303FD130C6CFE29DF5A,567674.24,-567662.25,11.989999999990687,0.013640500568817618,Low
306,BE53156EE1DC50F7A0F8629A72,12629.0,-12801.98,-172.98000000000002,-0.19905638665132339,Low
307,BE553271FB602E0B761DBEF376,2931983.1900000004,-3844386.170000001,-912402.9800000004,-931.9744433095,Low
308,BEDDEFE45A3DE28429CC81C6C9,75970160.33000001,-76660184.74,-690024.409999988,-655.9167395437149,Low
309,BF0C40F8D39EC08D85DCFBF307,3045613.1799999997,-2007708.52,1037904.6599999996,1995.9704999999992,Low
310,BF6E15B5539FDC1143F4F3386D,6749339.299999993,-8549579.769999988,-1800240.4699999946,-1894.989968421047,Low
311,BF7EB2EBD019D8E509B2468516,2335267.72,-4647729.5,-2312461.78,-8759.324924242423,High
312,BFD95A632A9DB82BFDCB3910BF,1259196.2800000003,-1176423.6500000004,82772.62999999999,84.72121801432957,Low
313,C12F0537E8EB32D34B96443F47,128329.09,-99936.0,28393.09,60.539637526652456,Low
314,C22941D4C6D1E2D3457BDB01EB,2834219.039999998,-6381087.550000001,-3546868.5100000026,-3543.325184815187,Low
315,C23A13F8A83E319875D365D3B8,263585.15,-263159.39,425.7600000000002,0.46379084967320283,Low
316,C2BBF5C0D15F76D09D09ACC604,41902.919999999955,-33063.549999999945,8839.370000000006,11.174930467762334,Low
317,C4D67F2E16C22D154188276F4D,43146.95,-24254.799999999996,18892.15,32.91315331010453,Low
318,C5265ADDBFED5BD58274772E50,43616.99000000016,-29961.35000000018,13655.639999999976,17.529704749679045,Low
319,C66D185413A9DC2923A8B16288,242680302.59999993,-242668764.47999975,11538.120000182535,12.196744186239465,Low
320,C75EE1D8B66F436073EC7C3D4A,1071558.1300000015,-1417248.9900000037,-345690.86000000226,-523.7740303030337,Low
321,C760D03DFC2A752FC7BD94D859,3556.340000000001,-3068.510000000001,487.8299999999999,3.147290322580645,High
322,C92FCBBEF1883D6BAB19674D09,1819106.6799999995,-2453379.529999999,-634272.8499999995,-744.4517018779337,Low
323,C9C45DAF82AC9319505A226560,260008.5700000002,-259758.32000000018,250.25000000001694,0.26822079314042546,Low
324,CAD3B6C33CEC431EF5420C83F5,616281.2699999997,-1085436.6799999997,-469155.41,-2620.979944134078,High
325,CAF5364D9A9B46EA5A7B7A0AC9,18585.12,-18391.28,193.83999999999997,0.19364635364635363,Low
326,CD2088B16FCC32D4ACF4331040,327849.20999999996,-325687.59,2161.6199999999585,2.249344432882371,Low
327,CDC86AD60036DEF29FDEC89130,33086.55,-33464.049999999996,-377.49999999999613,-0.48521850899742436,Low
328,CE9771AE7ECFF6839BFB1E742D,1918123.980000003,-1810170.780000004,107953.19999999905,163.81365705614422,Low
329,CECB4E6C1F4713866FC947876E,3218815.0499999993,-7915769.24,-4696954.190000001,-6304.636496644297,Low
330,CEE4494CEE4FD942404D4A3E02,1055853.0800000012,-1068033.3800000013,-12180.300000000034,-12.9302547770701,Low
331,D0072A83B1D9F4FBED6E15DB62,20761671.980000004,-20795107.86000001,-33435.88000000525,-44.11065963061379,Low
332,D045CAF29882D53298BB333FC4,6457093.409999996,-11610801.940000001,-5153708.530000006,-5396.5534345549795,Low
333,D07293CC7C33E3F90B367CDE8B,4179644.519999999,-7659422.550000001,-3479778.030000002,-3264.3321106941858,Low
334,D12397E5D857148C76CBF5C75F,1996109.0799999998,-1810033.52,186075.55999999985,192.42560496380543,Low
335,D12F0C7DEE8F2549950CB025B4,11121.0,-11139.04,-18.04000000000049,-0.02622093023255885,Low
336,D1B696C6C2B74A8CBA7A4E7A2A,2510307.43,-2899451.9299999997,-389144.49999999977,-4276.313186813184,High
337,D2AC15FAEBC173377B211626DD,543551.75,-353610.6900000002,189941.0599999998,213.65698537682766,Low
338,D2FB20A9BCC4FA84DB17571D2C,53551.240000000005,-53030.76000000001,520.4799999999996,0.8476872964169374,Low
339,D3FC3A373D976F623BC9C597C2,485256.1,-733556.83,-248300.72999999998,-705.3998011363636,High
340,D41FDD99A75DDC1EDBE0549582,12906.16,-11409.64,1496.5200000000002,4.033746630727763,High
341,D4207BD779633E8C1C81DD24C1,105472.42,-114461.95000000001,-8989.530000000006,-18.12405241935485,Low
342,D43C9B78FFC4634E09C7A3FD1D,38117318.359999925,-38038446.059999935,78872.2999999906,87.9289855072359,Low
343,D4A34F211321161A78B4613D79,7991.210000000001,-7097.250000000002,893.9599999999996,1.7987122736418502,Low
344,D551D3E087C308F61B8E31813E,21188.149999999976,-11361.199999999977,9826.949999999999,24.26407407407407,High
345,D5673E0D57DF5CECFC3942A889,714566.6599999998,-747790.0399999998,-33223.38000000001,-33.09101593625499,Low
346,D575FEA1B9B2611E0988D99C6A,30425.0,-30134.9,290.09999999999945,0.4724755700325724,Low
347,D6DC478D4DDEBB8FFD7268C0AE,60175.089999999975,-54533.099999999984,5641.989999999993,7.052487499999992,Low
348,D770534AE8EAF9C32B7BC6A6C4,4577.809999999999,-5167.749999999999,-589.9400000000003,-5.412293577981654,High
349,D7BF7338F67614D9D5EEB337CC,134438.71000000002,-133781.81000000003,656.8999999999972,0.7339664804469243,Low
350,D83CD2EB52774F56F39BB95FFD,97642.04,-98346.42,-704.3799999999983,-0.7029740518962059,Low
351,D85AFA7780B838975D73A4809B,89381.67,-89251.63,130.03999999999823,0.1528084606345455,Low
352,D8CCE1719E0C8BEAB54A25B871,5032.9,-2795.1,2237.7999999999997,16.099280575539566,High
353,D8D1274872C3FAFDB431F24FC7,23117.959999999995,-22818.449999999993,299.5100000000008,0.3162724392819438,Low
354,DB5DCAB4D6387B7C301B265C54,4125258.51,-4124558.260000006,700.2499999939929,0.8797110552688353,Low
355,DC543F5AB8C80942B7A381D54A,64750747.59000003,-59747185.90000003,5003561.690000004,9080.874210526323,Low
356,DFCD26701ED81F2711B5DC181A,473165.68999999994,-459764.68999999994,13400.999999999993,16.52404438964241,Low
357,DFE3BB787A2044C4E1A8B03EEC,4142260.900000005,-4440120.990000005,-297860.09000000014,-272.2669926873859,Low
358,E006057AC1635348706553E1A2,376328.60000000003,-332178.29000000004,44150.31,76.38461937716262,Low
359,E07C49296D69887AE3583F797D,39592.350000000006,-34643.29000000001,4949.059999999994,27.494777777777745,High
360,E243326E7E2E3A18CC0214F177,13985.550000000001,-12417.170000000002,1568.38,3.4469890109890113,Low
361,E2F11D0D3F4B726075A91236E0,271339.49,-2060.0,269279.49,273.380192893401,Low
362,E4D44B44AC86F46B726D1DA6BC,36652.09,-66549.09,-29897.000000000007,-58.736738703339896,Low
363,E5177EB6326094F9D8BD5041CD,78615.47,-83107.13000000002,-4491.660000000019,-4.621049382716069,Low
364,E67861948B3A4CCC32CBDCB956,65581.9,-149732.4,-84150.5,-84.40371113340021,Low
365,E7DE11842896E4F772BA031720,16544.1,-16561.01,-16.909999999999684,-0.015528007346188874,Low
366,E97553F652117FA9B68C44CCE6,14989.599999999993,-16214.979999999996,-1225.3800000000033,-1.4199073001158786,Low
367,EA7281D003CAC12DAC8033268C,2567522.3000000096,-1675351.720000003,892170.5800000066,2099.2248941176626,High
368,EADE0C0EF757969495E0B0823B,221168.29,-206723.66,14444.629999999996,43.37726726726726,High
369,EB63030EC8B79BC16E6D453A92,17450.01,-18042.0,-591.9900000000002,-1.7360410557184758,High
370,EC6A13B820064384C4FC12CB0F,431026.76,-424970.52999999997,6056.230000000025,5.392902938557458,Low
371,ECC1153073F29753591A16652E,23566.069999999996,-21361.519999999997,2204.549999999998,2.463184357541897,Low
372,EDF52A6EF958BBFD901B653040,1203186.850000001,-1511497.1199999994,-308310.26999999845,-301.96892262487603,Low
373,F0F1874554C5945D7A364C1C76,19913764.909999996,-19884885.95,28878.959999998937,30.208117154810605,Low
374,F1CC5D51C4FE1A56A417A639E8,876979.5799999998,-710789.6300000012,166189.94999999867,177.74326203208415,Low
375,F1E6AB2E319629D96196F89D0B,9771.5,-8295.2,1476.3000000000002,5.722093023255814,High
376,F1FF861C2155EF723CF38C56CF,15253.959999999995,-13872.539999999997,1381.419999999998,2.246211382113818,Low
377,F62B0DC9AFD25EB8A6AEEB3E2C,1417058.9100000001,-1473181.7700000005,-56122.86000000038,-87.82920187793486,Low
378,F8FB79B2CA6B15728917722B36,606085.5099999997,-608486.6299999997,-2401.120000000027,-2.598614718614748,Low
379,F98A2081A02F103355AEFDEFD0,290475.01,-288957.32,1517.6899999999987,2.1167224546722436,Low
380,F9F9C81E055FE38FC3C176C493,3502745.299999995,-6811478.23,-3308732.9300000053,-5106.069336419761,Low
381,FA6EB5E8B255528AACCB41485A,3892840.8400000087,-3242129.1900000093,650711.6499999996,562.8993512110723,Low
382,FB0B1C200E11736DEAF956110B,1417817.070000011,-1339898.1800000132,77918.88999999782,112.43707070706756,Low
383,FB81856FAA88465797926E3A56,19920327.4,-19891811.389999997,28516.01000000199,27.87488758553469,Low
384,FD8984DF1676FB14332AEB61C0,3239656.56,-1550512.2000000004,1689144.3599999996,3578.695677966101,Low
385,0018536E0B152D2FF5F9965179,968.32,-10930.409999999989,-10930.409999999989,-36.313654485049796,High
386,01540636CB5736525304F4C3A1,12768.67,3051.0899999999824,3051.0899999999824,9.387969230769176,High
387,03140E56A5216DC4B6444EDCA8,70795.91000000003,23317.97000000001,23317.97000000001,44.162821969696985,Low
388,098398A30E55A73F658B0BEBDF,232653.28000000003,-25402.160000000025,-25402.160000000025,-101.60864000000011,High
389,0C8150E24455F27F44E1D38149,0.0,-4286.7699999999995,-4286.7699999999995,-6.666827371695178,Low
390,11E8A1E1045FC82A4A60783B0D,1130.1299999999999,-25871.289999999986,-25871.289999999986,-45.3087390542907,Low
391,12CF3D98F1438DC7168CDA1C34,17964.17,958.6600000000005,958.6600000000005,3.7157364341085293,High
392,1402D3CDCE35E4CBE3F5AAE750,258.45000000000005,-9294.24,-9294.24,-27.744,High
393,1489C174E2BB5C39D9019B8C52,6241.600000000002,-3573.73,-3573.73,-10.298933717579251,High
394,14DE2D31D0A3A66978A5671796,250005.61,12188.340000000033,12188.340000000033,51.865276595744824,High
395,156155A9E95E1829F21D632B10,65143.380000000005,24836.840000000007,24836.840000000007,59.56076738609114,High
396,18FA5526935F1452A9D7FF5150,40.0,-17373.919999999995,-17373.919999999995,-69.49567999999998,High
397,1C152E4FADBCB73FA7A40ADD3B,40.0,-20599.560000000016,-20599.560000000016,-58.85588571428576,High
398,20412AE1E5D648C3BDF81C4368,26108.300000000003,4228.659999999998,4228.659999999998,12.116504297994263,High
399,218849C89CBFDE2C5B519D2F0C,0.0,-16858.329999999998,-16858.329999999998,-21.366704689480354,Low
400,259BCE1BC4BFD3E6BA5E0D308C,277.71,-25600.349999999995,-25600.349999999995,-50.09853228962817,Low
401,2A5C0B9615FC3A68B70B6C8FC0,272744.76,19636.749999999996,19636.749999999996,52.64544235924932,High
402,2B0950EF311934C37FF8191CE2,711.8900000000001,-4112.329999999998,-4112.329999999998,-11.423138888888884,High
403,2C5C0B5764BE73099B67CA02CD,2926.569999999999,-11543.709999999983,-11543.709999999983,-22.114386973180043,Low
404,2D2CD98460896CBCD4A7004945,92.66000000000001,-10097.190000000004,-10097.190000000004,-21.483382978723412,Low
405,34E982CB57369EDB882AD5F9B5,10963.309999999976,5040.01000000001,5040.01000000001,8.484865319865337,Low
406,356CD573F7A0F24163BFD60555,883629.69,152705.74000000005,152705.74000000005,332.6922440087147,Low
407,3771C59384C6012DEA7615BC4B,5.95,-10605.17,-10605.17,-57.32524324324324,High
408,3861BA73C9FEB9237ED478186C,1525.0599999999984,-2802.3299999999995,-2802.3299999999995,-4.873617391304347,Low
409,39B04CEC9E7E2365AE408C5ECF,39832.950000000004,-6605.669999999982,-6605.669999999982,-13.003287401574768,Low
410,3AA42D0B08BD956F1FBD082596,1909.82,-55031.33000000003,-55031.33000000003,-227.40219008264475,High
411,3B464EE468BE694EF88883C16B,2421.8900000000003,-56540.159999999945,-56540.159999999945,-224.36571428571406,High
412,3F2ABBD57C479E63B367C88044,33000.0,10350.0,10350.0,22.69736842105263,Low
413,3FCA772BE69EB925B1AC4753DC,271.04999999999995,-3700.9900000000016,-3700.9900000000016,-8.469084668192224,Low
414,3FCDADB1FC6AC34D97F576CBE4,11956.390000000003,-4321.449999999999,-4321.449999999999,-6.947668810289387,Low
415,43AD2DABF32D2F89D45CB9E7D5,75778.15000000002,31368.730000000025,31368.730000000025,56.11579606440076,Low
416,46F9BDAE82F22CEC30200057AE,23375.46,287.14000000000203,287.14000000000203,1.0517948717948793,High
417,49786628547AC0B66BE4FB53FE,0.0,-4686.199999999993,-4686.199999999993,-11.514004914004898,High
418,49F4FB352E166EEB7BAC840E1B,0.0,-18246.17,-18246.17,-40.367632743362826,Low
419,4E39AC90866CA34CAA6CEC997E,4408.0,-29283.9199999999,-29283.9199999999,-50.66422145328703,Low
420,50E6760955E1BBE5EDAEC5875F,36018.749999999985,16510.750000000007,16510.750000000007,38.940448113207566,High
421,51AE16F4F6A3771555B1328CC4,8.96,-4124.509999999998,-4124.509999999998,-18.495560538116585,High
422,52D7A0D2638331741DC110F676,11000.0,-59174.160000000316,-59174.160000000316,-91.6008668730655,Low
423,531A5367125A001F52770C2CFC,0.0,-2341.3599999999988,-2341.3599999999988,-4.918823529411762,Low
424,53AF8CF929509D0320EDDB3B5C,0.0,-378.10999999999945,-378.10999999999945,-3.4063963963963912,High
425,54C7B80246E1FAA0D26291A6C6,4734.3,-4283.109999999994,-4283.109999999994,-27.10829113924047,High
426,550AB2C6606F0214731DCB76CB,96.5,-1940.1399999999985,-1940.1399999999985,-7.549182879377426,High
427,5DFAB207C57F258FB2E90A2E88,6.800000000000001,-21300.60000000002,-21300.60000000002,-31.887125748503024,Low
428,5EC99A07A5DE9B36F85FC40B58,16.68,-9154.539999999879,-9154.539999999879,-10.309166666666531,Low
429,5F48768A65E6BD048080461A17,21000.0,-4769.1700000000155,-4769.1700000000155,-13.944941520467882,High
430,60CCF483798B89A0188515695C,107256.46,36877.52999999995,36877.52999999995,73.7550599999999,Low
431,615899F847F38C53841A72C6A5,14055.970000000001,-2869.039999999956,-2869.039999999956,-3.4776242424241888,Low
432,630D661F7919B3AE3A18385D39,729.24,-9001.200000000004,-9001.200000000004,-17.753846153846162,Low
433,63DA4FB8949BA78444473CCBDE,1197.1499999999994,-65016.43999999994,-65016.43999999994,-61.163160865475014,Low
434,653A6A3E1D925F349A1FC3E6CC,2970.4799999999996,-449.3599999999995,-449.3599999999995,-3.5663492063492024,High
435,65AE9D69AC7286F7A066530345,1227.9399999999991,-5221.839999999998,-5221.839999999998,-15.135768115942025,High
436,6783C56A0E2F8AEDC585A03812,2.4000000000000004,-1138.3000000000025,-1138.3000000000025,-4.050889679715311,High
437,6E0AE0DE95CA4F39F6CBD01077,194.48,-6049.4299999999985,-6049.4299999999985,-14.900073891625611,High
438,7369A7476826AE770F4F9F745B,4092.7,618.4899999999996,618.4899999999996,1.8298520710059158,High
439,76605E5CE4CED22A5A03CAC03F,0.0,-10705.369999999924,-10705.369999999924,-11.648933623503726,Low
440,7747370136EE5CC045A40E74C8,0.0,-747.1899999999982,-747.1899999999982,-1.0509001406469736,Low
441,77FFD8B8BDC0B8B5A13183CD20,15955.429999999998,-4344.570000000014,-4344.570000000014,-12.30756373937681,High
442,795654C9614733EA6BF76B4990,285.56,-7615.669999999994,-7615.669999999994,-14.18188081936684,Low
443,7BD8851A88C4159652F402831B,20.0,-9903.809999999987,-9903.809999999987,-36.545424354243494,High
444,7CDEE232C09D84C9ECBBD09763,1333.4,-12105.749999999947,-12105.749999999947,-19.4002403846153,Low
445,7FAB0272EF94CCE4839C8CF955,5353.649999999998,-262.28999999999996,-262.28999999999996,-1.9573880597014923,High
446,7FF1E86D5B833E6A936A6D691F,2137.8299999999995,-3468.9999999999995,-3468.9999999999995,-13.875999999999998,High
447,835FB4839BC680F1CC095EF40F,39613.35,-18451.410000000003,-18451.410000000003,-44.35435096153847,High
448,84230E6FE2A396329BB7AE492C,1790.7299999999998,-4773.819999999995,-4773.819999999995,-10.135498938428864,Low
449,8715DE89983E3B5E121E94474F,56.47,-7809.910000000001,-7809.910000000001,-37.72903381642512,High
450,879C090DC4A84269088612F425,388874.45000000007,94256.08999999998,94256.08999999998,162.79117443868736,Low
451,880C79D878BC729D707CBC2368,2518.88,-10620.049999999927,-10620.049999999927,-11.028089304257453,Low
452,8B05F227420F22019F782677A6,74657.69999999994,52326.67999999974,52326.67999999974,61.851867612292835,Low
453,8F7EDFD6BFF6BD617E76B2E7A4,11.89,-24064.439999999857,-24064.439999999857,-30.193776662484137,Low
454,8FCA975F39FF476CF582892C56,71.97999999999999,-10442.42,-10442.42,-28.222756756756755,High
455,94AF2CDC801550018F1492AB7D,39332.87999999999,-71182.52,-71182.52,-209.36035294117647,High
456,983A9EAC38BD0EA8F4182912B6,507.74999999999983,-3613.749999999997,-3613.749999999997,-8.36516203703703,High
457,99172E536A0D08EB4AA8CB889F,7704.92,-7862.649999999938,-7862.649999999938,-5.433759502418755,Low
458,9BDB116EB0BBCB73B8DFA5D72C,213924.98,-164014.6100000002,-164014.6100000002,-253.108966049383,Low
459,9D3A59F27580E328CE40F9CA2E,0.0,-1485.9500000000003,-1485.9500000000003,-8.34803370786517,High
460,9E05212E3048C82080DD16BCBB,52694.69000000001,-21957.92000000001,-21957.92000000001,-43.82818363273455,Low
461,9F185F390F4FBAB3C330BDBDA5,40.629999999999995,-18273.089999999997,-18273.089999999997,-73.68181451612902,High
462,9FD60CBE7E27612E7579A263C9,0.0,-5961.219999999955,-5961.219999999955,-19.106474358974214,High
463,A40BEFFC786322EA6B829ADF12,180.93000000000004,-10348.06999999994,-10348.06999999994,-25.42523341523327,High
464,A4E80877412083494E5D415913,20.0,-4740.919999999991,-4740.919999999991,-16.016621621621592,High
465,A617331BBEE2F5D699095565DC,14974.54,-17891.060000000012,-17891.060000000012,-58.46751633986932,High
466,A6376095E53A6D30A143F72413,178790.22000000003,5395.180000000022,5395.180000000022,23.559737991266474,High
467,AC27F2DD0AF4C78918349DDBBD,49091.66000000001,-20611.819999999967,-20611.819999999967,-51.9189420654911,High
468,AE1DD8D6E17BFED2E5077298D5,182.55,-94479.88000000073,-94479.88000000073,-139.5566912850823,Low
469,AE68D9BB6A2E62DC4CBBC0E2BC,0.0,-595.3899999999979,-595.3899999999979,-1.0336631944444408,Low
470,B1F87D70518328368508835541,15.34,-2021.8299999999936,-2021.8299999999936,-4.595068181818167,Low
471,B41AFA723F16FFD41BA2F948AC,40.0,-22292.92,-22292.92,-94.4615254237288,High
472,B4DBC7729BBAA4FC2E867469C1,40.0,-6840.8300000000545,-6840.8300000000545,-14.37149159663877,Low
473,B55E72F67F664F8D3FC00233F6,1570.12,-9118.929999999877,-9118.929999999877,-8.966499508357794,Low
474,B857B0D044FF7174FF8F9512FE,932.08,-7840.539999999999,-7840.539999999999,-30.389689922480617,High
475,B9305C7251A4D7FF0A8CFDCD9B,55.11999999999999,-3462.7099999999955,-3462.7099999999955,-12.63762773722626,High
476,BDD597F637AB627B4757075F38,0.0,-4249.559999999985,-4249.559999999985,-7.85500924214415,Low
477,C01FE00DEF9CD6B17B72A2D93E,48.53,-18595.250000000015,-18595.250000000015,-39.06565126050423,Low
478,C8591BA69EF1EE789BFBE5C92B,37520.19,-29505.359999999924,-29505.359999999924,-121.42123456790092,High
479,CB2A7FFE2E78A29A8D39916A72,76612.26999999999,-79005.93000000004,-79005.93000000004,-192.22854014598548,High
480,CB9F8765E0246FC43766C0C5CE,40.0,-6421.500000000003,-6421.500000000003,-20.647909967845667,High
481,CBD7DA31EB1516DA88217E3760,0.0,-27012.8699999999,-27012.8699999999,-114.46131355932161,High
482,CD7756CBD5344D1A33C9A92096,15447.56,-54802.96000000007,-54802.96000000007,-146.14122666666685,High
483,D17F3D9ED67F0C6C52DE3F3335,0.0,-2196.4900000000057,-2196.4900000000057,-4.683347547974426,Low
484,D21B97AE31FAB5BFB451C80609,67932.03,-20145.94,-20145.94,-38.08306238185255,Low
485,D2B53B93275FEC813785BAB748,13890.84,-27188.52999999999,-27188.52999999999,-107.89099206349204,High
486,D975473125EE7ABDAF569112F4,1.19,-5643.1699999999455,-5643.1699999999455,-11.130512820512713,Low
487,D9F82D156AF2B17FEC532485EE,11400.78,990.8699999999949,990.8699999999949,2.9755855855855704,High
488,DADE938D85254AD6A1B5372219,552.31,-6074.660000000002,-6074.660000000002,-21.695214285714293,High
489,DB47B103006C265448B5BE229E,0.8,-13704.189999999886,-13704.189999999886,-20.732511346444607,Low
490,DDADB980B81F3F7DC4FCFCBC2C,158266.28999999995,-118523.79000000005,-118523.79000000005,-317.7581501340484,High
491,DF9754FD848F922E288E8E9C54,22775.68,2607.179999999993,2607.179999999993,7.713550295857967,High
492,E07371C519E4E67EB61EC7CF5E,15865.17,-9188.740000000003,-9188.740000000003,-34.41475655430713,High
493,E0DBB25DA684874E5BA321C007,1037.7499999999998,-43968.269999999975,-43968.269999999975,-56.806550387596864,Low
494,E63EEE16644E85355ABF9AC90B,0.0,-8921.040000000003,-8921.040000000003,-37.64151898734178,High
495,E782D8D517F4CD37AB8B240E50,283.9899999999999,-2884.8000000000006,-2884.8000000000006,-10.122105263157897,High
496,E980C4808ED1EB8800055F6772,0.0,-13857.489999999936,-13857.489999999936,-36.56329815303413,High
497,EBCBE4211369E18A644EB00D89,3851.85,999.3199999999982,999.3199999999982,3.7996958174904876,High
498,EC67E7218F72F474A1462021A4,0.0,-10041.169999999953,-10041.169999999953,-26.920026809651347,High
499,ED32A6332F66118C6EEA19BEF6,44523.0,6954.360000000027,6954.360000000027,14.89156316916494,Low
500,EF97D841FFA04F12618A5C5ACD,0.0,-5983.470000000021,-5983.470000000021,-13.326213808463299,Low
501,F17044D4917A4D877737643D55,37109.05,18074.660000000003,18074.660000000003,38.45672340425533,Low
502,F19C4A0EF21E730CFB820AE4E0,106593.79,-72729.8,-72729.8,-201.46759002770085,High
503,F869BB7D70355B4DE0CFA6E232,42854.1,16024.480000000007,16024.480000000007,55.25682758620692,High
504,F9D4F54FC533E263075768D13E,0.0,-74289.1300000001,-74289.1300000001,-261.58144366197223,High
